OPEN_TIME,OPEN,HIGH,LOW,CLOSE,VOLUME,CLOSE_TIME,QUOTE_VOL,NUM_TRADES,TAKE_BASE_VOL,TAKE_QUOTE_VOL,EXTRA
1532476800000,0.00000300,0.00000300,0.00000242,0.00000258,617419791.00000000,1532519999999,1603.21368710,24327,317879243.00000000,830.23176946,0
1532520000000,0.00000257,0.00000264,0.00000254,0.00000258,167948498.00000000,1532563199999,433.82350187,12201,78639447.00000000,203.47140000,0
1532563200000,0.00000260,0.00000316,0.00000257,0.00000312,807644991.00000000,1532606399999,2320.23456579,32899,448930536.00000000,1291.15257561,0
1532606400000,0.00000312,0.00000337,0.00000301,0.00000315,1703100226.00000000,1532649599999,5433.24201564,67198,833264736.00000000,2664.31995633,0
1532649600000,0.00000315,0.00000325,0.00000297,0.00000298,476492098.00000000,1532692799999,1489.18832594,27436,200609047.00000000,630.33200672,0
1532692800000,0.00000298,0.00000316,0.00000292,0.00000307,384612024.00000000,1532735999999,1174.05958890,19957,199807210.00000000,610.34187090,0
1532736000000,0.00000308,0.00000311,0.00000303,0.00000306,127674240.00000000,1532779199999,392.94019649,7859,62043548.00000000,191.20324756,0
1532779200000,0.00000307,0.00000315,0.00000306,0.00000312,116503223.00000000,1532822399999,362.03019282,8377,57112722.00000000,177.65973505,0
1532822400000,0.00000312,0.00000327,0.00000312,0.00000321,229482033.00000000,1532865599999,735.31858847,11971,122168341.00000000,391.77785737,0
1532865600000,0.00000321,0.00000325,0.00000315,0.00000322,143072544.00000000,1532908799999,460.15637542,9146,65855542.00000000,212.19016967,0
1532908800000,0.00000323,0.00000323,0.00000304,0.00000308,177317204.00000000,1532951999999,555.36784097,11237,62082359.00000000,194.85686752,0
1532952000000,0.00000307,0.00000317,0.00000294,0.00000309,257428749.00000000,1532995199999,784.41411291,16871,122016725.00000000,373.04870855,0
1532995200000,0.00000308,0.00000312,0.00000299,0.00000304,160640538.00000000,1533038399999,489.55698454,10980,66285361.00000000,202.51393734,0
1533038400000,0.00000304,0.00000311,0.00000268,0.00000297,616155736.00000000,1533081599999,1787.14251670,31070,309704245.00000000,901.83579511,0
1533081600000,0.00000294,0.00000299,0.00000259,0.00000273,491053632.00000000,1533124799999,1336.99163439,19401,200935054.00000000,550.38867870,0
1533124800000,0.00000273,0.00000277,0.00000258,0.00000264,268573348.00000000,1533167999999,714.62321479,13765,120456981.00000000,321.69203878,0
1533168000000,0.00000264,0.00000267,0.00000229,0.00000231,364575249.00000000,1533211199999,897.79328753,17692,121608635.00000000,300.66535723,0
1533211200000,0.00000231,0.00000236,0.00000225,0.00000231,257402821.00000000,1533254399999,593.67660270,11532,124128515.00000000,286.95835229,0
1533254400000,0.00000231,0.00000232,0.00000176,0.00000198,1015798691.00000000,1533297599999,2014.68818754,37564,426347448.00000000,845.29266808,0
1533297600000,0.00000198,0.00000222,0.00000197,0.00000206,718838082.00000000,1533340799999,1482.39713701,22755,389252637.00000000,803.87061731,0
1533340800000,0.00000205,0.00000214,0.00000196,0.00000197,366938992.00000000,1533383999999,746.02040751,14674,173344561.00000000,353.94383865,0
1533384000000,0.00000197,0.00000198,0.00000174,0.00000191,667780487.00000000,1533427199999,1250.58424882,21647,326335724.00000000,612.56718508,0
1533427200000,0.00000190,0.00000195,0.00000182,0.00000190,304917301.00000000,1533470399999,577.34373810,11690,146270765.00000000,277.85581363,0
1533470400000,0.00000190,0.00000203,0.00000189,0.00000199,330240046.00000000,1533513599999,646.47885491,14934,183956673.00000000,360.26001802,0
1533513600000,0.00000199,0.00000202,0.00000189,0.00000192,300598604.00000000,1533556799999,581.33648536,12814,119385932.00000000,231.82376196,0
1533556800000,0.00000192,0.00000198,0.00000186,0.00000193,270204929.00000000,1533599999999,516.97488899,9735,135663311.00000000,260.53115005,0
1533600000000,0.00000193,0.00000195,0.00000189,0.00000195,200228539.00000000,1533643199999,383.10124536,6960,83886615.00000000,160.97709607,0
1533643200000,0.00000194,0.00000199,0.00000187,0.00000192,383122300.00000000,1533686399999,741.04120709,12901,180162659.00000000,349.43713815,0
1533686400000,0.00000192,0.00000193,0.00000168,0.00000181,441867855.00000000,1533729599999,794.97519604,16396,166723692.00000000,301.61186194,0
1533729600000,0.00000182,0.00000182,0.00000166,0.00000173,382193581.00000000,1533772799999,664.06883273,14340,191617819.00000000,333.95793819,0
1533772800000,0.00000173,0.00000180,0.00000171,0.00000175,160902929.00000000,1533815999999,282.08485679,7282,82140543.00000000,144.33056074,0
1533816000000,0.00000175,0.00000180,0.00000170,0.00000177,205476680.00000000,1533859199999,360.32683166,10682,97648875.00000000,171.61558219,0
1533859200000,0.00000177,0.00000178,0.00000157,0.00000164,513546155.00000000,1533902399999,841.09878217,19055,209376252.00000000,342.14553903,0
1533902400000,0.00000164,0.00000166,0.00000153,0.00000156,399126863.00000000,1533945599999,633.92278320,14473,170678644.00000000,272.01738018,0
1533945600000,0.00000155,0.00000158,0.00000142,0.00000146,306179816.00000000,1533988799999,454.58400178,10628,133013500.00000000,197.53564250,0
1533988800000,0.00000146,0.00000153,0.00000141,0.00000147,225114780.00000000,1534031999999,330.31268557,9059,105762306.00000000,155.61703296,0
1534032000000,0.00000146,0.00000155,0.00000142,0.00000154,117601969.00000000,1534075199999,173.40476602,5478,55598442.00000000,82.56432324,0
1534075200000,0.00000154,0.00000154,0.00000141,0.00000143,204642296.00000000,1534118399999,299.79125829,7994,80537249.00000000,118.36478793,0
1534118400000,0.00000144,0.00000146,0.00000135,0.00000139,214249097.00000000,1534161599999,299.41894732,8800,113978591.00000000,159.45633354,0
1534161600000,0.00000139,0.00000141,0.00000110,0.00000115,732074568.00000000,1534204799999,889.10389328,18895,310824620.00000000,377.90857789,0
1534204800000,0.00000114,0.00000126,0.00000101,0.00000113,848325037.00000000,1534247999999,955.95049842,16324,409839585.00000000,464.57911743,0
1534248000000,0.00000114,0.00000126,0.00000108,0.00000126,506014298.00000000,1534291199999,587.39217415,12958,270997084.00000000,316.22369537,0
1534291200000,0.00000126,0.00000134,0.00000121,0.00000124,657314411.00000000,1534334399999,834.10247565,16430,335749247.00000000,427.50405561,0
1534334400000,0.00000124,0.00000135,0.00000123,0.00000125,356513676.00000000,1534377599999,457.57354915,11478,175658955.00000000,225.80882321,0
1534377600000,0.00000126,0.00000181,0.00000123,0.00000162,1274637803.00000000,1534420799999,2010.42051622,30739,620657830.00000000,979.74154632,0
1534420800000,0.00000162,0.00000184,0.00000153,0.00000178,1090087065.00000000,1534463999999,1848.15523178,30564,571438753.00000000,971.70543669,0
1534464000000,0.00000178,0.00000257,0.00000169,0.00000222,2219894636.00000000,1534507199999,4699.40538649,54452,1165213830.00000000,2467.28136320,0
1534507200000,0.00000223,0.00000235,0.00000205,0.00000226,934920855.00000000,1534550399999,2049.96226078,35318,477667848.00000000,1051.96466240,0
1534550400000,0.00000226,0.00000228,0.00000195,0.00000204,677472135.00000000,1534593599999,1412.90377863,26412,294234341.00000000,615.95451925,0
1534593600000,0.00000204,0.00000210,0.00000175,0.00000199,963523368.00000000,1534636799999,1850.95192937,28721,422264924.00000000,815.75618054,0
1534636800000,0.00000199,0.00000217,0.00000189,0.00000214,331853899.00000000,1534679999999,663.76955289,14159,178082563.00000000,357.78108350,0
1534680000000,0.00000215,0.00000227,0.00000209,0.00000221,760645886.00000000,1534723199999,1657.67241036,26727,364466333.00000000,796.47438502,0
1534723200000,0.00000221,0.00000230,0.00000207,0.00000211,573508505.00000000,1534766399999,1254.09657632,19740,246011030.00000000,539.49630081,0
1534766400000,0.00000211,0.00000223,0.00000205,0.00000209,692827287.00000000,1534809599999,1475.46320199,21122,333126042.00000000,712.17068033,0
1534809600000,0.00000208,0.00000228,0.00000205,0.00000223,513149019.00000000,1534852799999,1123.84345108,16063,269086571.00000000,590.90521888,0
1534852800000,0.00000223,0.00000247,0.00000216,0.00000238,1030194253.00000000,1534895999999,2410.79370182,30176,584264458.00000000,1370.15018467,0
1534896000000,0.00000239,0.00000242,0.00000226,0.00000231,576908325.00000000,1534939199999,1346.92967416,21263,275179279.00000000,643.88344632,0
1534939200000,0.00000230,0.00000234,0.00000196,0.00000216,1291258398.00000000,1534982399999,2742.87098480,36337,577583365.00000000,1227.69992934,0
1534982400000,0.00000216,0.00000225,0.00000213,0.00000215,320796016.00000000,1535025599999,700.23851095,15140,150583934.00000000,329.88788282,0
1535025600000,0.00000215,0.00000228,0.00000211,0.00000225,403207683.00000000,1535068799999,894.55576225,15990,214041573.00000000,475.94757416,0
1535068800000,0.00000225,0.00000226,0.00000217,0.00000221,263236864.00000000,1535111999999,581.55783996,10334,114461232.00000000,253.20472798,0
1535112000000,0.00000219,0.00000220,0.00000213,0.00000217,284687033.00000000,1535155199999,616.75318983,11514,122241288.00000000,265.39844078,0
1535155200000,0.00000217,0.00000223,0.00000211,0.00000218,259431708.00000000,1535198399999,562.34694547,11456,140919510.00000000,306.89469444,0
1535198400000,0.00000217,0.00000235,0.00000217,0.00000228,441026588.00000000,1535241599999,1004.16150828,16131,219786972.00000000,500.71409061,0
1535241600000,0.00000228,0.00000230,0.00000217,0.00000227,309103700.00000000,1535284799999,692.77997771,13188,144540588.00000000,324.80849030,0
1535284800000,0.00000227,0.00000230,0.00000221,0.00000228,262420239.00000000,1535327999999,591.83434477,13318,120374608.00000000,272.30761535,0
1535328000000,0.00000227,0.00000258,0.00000226,0.00000250,951193559.00000000,1535371199999,2327.92122204,31107,559016566.00000000,1367.01627840,0
1535371200000,0.00000249,0.00000264,0.00000239,0.00000260,609333830.00000000,1535414399999,1527.86810356,25001,317051399.00000000,797.13410746,0
1535414400000,0.00000261,0.00000270,0.00000253,0.00000266,560734214.00000000,1535457599999,1468.54639903,22715,298707525.00000000,784.64232963,0
1535457600000,0.00000266,0.00000267,0.00000250,0.00000254,497588263.00000000,1535500799999,1286.37936193,23308,217329873.00000000,562.75849309,0
1535500800000,0.00000253,0.00000256,0.00000239,0.00000254,482044963.00000000,1535543999999,1189.46042420,22641,223339301.00000000,552.12127473,0
1535544000000,0.00000253,0.00000255,0.00000236,0.00000242,451950372.00000000,1535587199999,1104.27023431,19009,216324929.00000000,529.54554898,0
1535587200000,0.00000241,0.00000246,0.00000228,0.00000229,315039231.00000000,1535630399999,742.94335451,13023,126054593.00000000,298.22562818,0
1535630400000,0.00000230,0.00000249,0.00000228,0.00000247,424502652.00000000,1535673599999,1007.11312316,15726,237959624.00000000,566.35729868,0
1535673600000,0.00000247,0.00000254,0.00000243,0.00000248,325901480.00000000,1535716799999,807.75709637,12944,173526887.00000000,431.03589885,0
1535716800000,0.00000247,0.00000249,0.00000233,0.00000243,466227586.00000000,1535759999999,1126.26962243,17625,229707673.00000000,555.48621194,0
1535760000000,0.00000243,0.00000252,0.00000240,0.00000249,224342321.00000000,1535803199999,553.80187301,11004,121159401.00000000,299.43626741,0
1535803200000,0.00000249,0.00000263,0.00000247,0.00000252,471937727.00000000,1535846399999,1207.32112456,21270,240243932.00000000,615.68524540,0
1535846400000,0.00000252,0.00000256,0.00000239,0.00000239,292496538.00000000,1535889599999,726.86571738,14764,130884758.00000000,326.35334134,0
1535889600000,0.00000240,0.00000249,0.00000237,0.00000246,212801548.00000000,1535932799999,518.51625774,12789,98601685.00000000,240.81381506,0
1535932800000,0.00000245,0.00000247,0.00000241,0.00000245,134390336.00000000,1535975999999,327.91786174,7958,56223212.00000000,137.47761705,0
1535976000000,0.00000244,0.00000264,0.00000244,0.00000258,415735433.00000000,1536019199999,1058.82383979,20684,225043957.00000000,575.12975553,0
1536019200000,0.00000258,0.00000272,0.00000256,0.00000269,363103742.00000000,1536062399999,961.23590628,17991,207267578.00000000,550.03995000,0
1536062400000,0.00000268,0.00000270,0.00000259,0.00000264,297214027.00000000,1536105599999,784.92586439,15986,140958693.00000000,372.93843317,0
1536105600000,0.00000264,0.00000269,0.00000240,0.00000246,478368731.00000000,1536148799999,1212.69516695,22205,197928017.00000000,504.10309682,0
1536148800000,0.00000245,0.00000253,0.00000234,0.00000240,474299457.00000000,1536191999999,1156.44415214,18782,218158837.00000000,534.75993226,0
1536192000000,0.00000240,0.00000249,0.00000232,0.00000241,352693025.00000000,1536235199999,845.85391606,13176,157595977.00000000,379.34526245,0
1536235200000,0.00000240,0.00000252,0.00000240,0.00000247,253998313.00000000,1536278399999,623.82173654,10854,150689012.00000000,371.07423407,0
1536278400000,0.00000248,0.00000257,0.00000236,0.00000241,377737197.00000000,1536321599999,935.62243072,13964,204223780.00000000,507.20809318,0
1536321600000,0.00000241,0.00000246,0.00000237,0.00000241,185066710.00000000,1536364799999,447.16152759,9680,86716898.00000000,209.93576555,0
1536364800000,0.00000242,0.00000250,0.00000240,0.00000247,107593553.00000000,1536407999999,262.59087195,6581,54524744.00000000,133.40490702,0
1536408000000,0.00000247,0.00000247,0.00000231,0.00000236,242119425.00000000,1536451199999,576.57728165,10489,86753853.00000000,207.35857575,0
1536451200000,0.00000236,0.00000237,0.00000228,0.00000236,159223866.00000000,1536494399999,370.66926738,7574,65592395.00000000,152.97761072,0
1536494400000,0.00000236,0.00000240,0.00000228,0.00000231,165755366.00000000,1536537599999,388.44669049,7688,76045645.00000000,178.80144421,0
1536537600000,0.00000231,0.00000244,0.00000228,0.00000236,218409764.00000000,1536580799999,513.14211036,9566,131159474.00000000,308.44079041,0
1536580800000,0.00000236,0.00000236,0.00000218,0.00000224,345453687.00000000,1536623999999,777.30773771,13496,174937598.00000000,393.66392367,0
1536624000000,0.00000224,0.00000226,0.00000219,0.00000220,123869597.00000000,1536667199999,274.74684707,6268,54080302.00000000,120.24634385,0
1536667200000,0.00000220,0.00000221,0.00000204,0.00000208,309467170.00000000,1536710399999,656.71653674,12245,120934977.00000000,256.93799557,0
1536710400000,0.00000208,0.00000211,0.00000186,0.00000192,326346761.00000000,1536753599999,639.42829894,12317,131124688.00000000,256.72414629,0
1536753600000,0.00000192,0.00000224,0.00000191,0.00000218,327434337.00000000,1536796799999,683.39175098,13993,181358669.00000000,378.51517647,0
1536796800000,0.00000217,0.00000223,0.00000206,0.00000216,327073620.00000000,1536839999999,703.82450115,12758,172502862.00000000,372.33124896,0
1536840000000,0.00000216,0.00000221,0.00000209,0.00000215,311754984.00000000,1536883199999,673.03045833,11937,170801426.00000000,369.69932371,0
1536883200000,0.00000215,0.00000219,0.00000210,0.00000213,149367144.00000000,1536926399999,320.42500860,7673,67960075.00000000,146.29073934,0
1536926400000,0.00000214,0.00000219,0.00000209,0.00000215,146320883.00000000,1536969599999,314.27877065,7516,77895428.00000000,167.64126493,0
1536969600000,0.00000215,0.00000218,0.00000212,0.00000217,101295044.00000000,1537012799999,217.99537857,5859,54937106.00000000,118.54782721,0
1537012800000,0.00000216,0.00000224,0.00000216,0.00000219,207091832.00000000,1537055999999,456.47292102,8557,120244690.00000000,265.62785064,0
1537056000000,0.00000218,0.00000221,0.00000213,0.00000219,88597568.00000000,1537099199999,192.65940872,5984,39168101.00000000,85.46870812,0
1537099200000,0.00000220,0.00000220,0.00000215,0.00000218,104646688.00000000,1537142399999,227.33688747,7955,42990082.00000000,93.60478052,0
1537142400000,0.00000218,0.00000221,0.00000212,0.00000215,124352244.00000000,1537185599999,269.21476073,6583,56675459.00000000,123.11794018,0
1537185600000,0.00000216,0.00000216,0.00000197,0.00000203,320509510.00000000,1537228799999,660.56942262,12683,120876731.00000000,249.66242478,0
1537228800000,0.00000203,0.00000205,0.00000195,0.00000202,155676850.00000000,1537271999999,312.17488799,8479,79010747.00000000,158.90288887,0
1537272000000,0.00000202,0.00000209,0.00000199,0.00000203,222938667.00000000,1537315199999,457.73154381,8998,113351758.00000000,233.13429991,0
1537315200000,0.00000204,0.00000210,0.00000202,0.00000207,157633805.00000000,1537358399999,323.41116933,7434,80237150.00000000,164.81001388,0
1537358400000,0.00000207,0.00000207,0.00000198,0.00000203,227069603.00000000,1537401599999,461.44177562,10071,97861798.00000000,199.50037933,0
1537401600000,0.00000203,0.00000209,0.00000203,0.00000208,112728493.00000000,1537444799999,232.15921033,6282,65870628.00000000,135.91293458,0
1537444800000,0.00000208,0.00000212,0.00000202,0.00000210,312700471.00000000,1537487999999,647.42568307,12801,160139836.00000000,332.62236378,0
1537488000000,0.00000209,0.00000219,0.00000206,0.00000210,468575128.00000000,1537531199999,995.77286532,14814,247144821.00000000,526.69742488,0
1537531200000,0.00000210,0.00000218,0.00000205,0.00000214,428207034.00000000,1537574399999,900.45406608,16122,197332410.00000000,416.39236744,0
1537574400000,0.00000214,0.00000215,0.00000201,0.00000205,179312270.00000000,1537617599999,371.75810314,8723,64712004.00000000,134.46982561,0
1537617600000,0.00000205,0.00000207,0.00000202,0.00000204,83927253.00000000,1537660799999,171.57718358,6258,34537634.00000000,70.82224347,0
1537660800000,0.00000204,0.00000210,0.00000203,0.00000209,125953779.00000000,1537703999999,259.57763306,6674,63041417.00000000,130.25909705,0
1537704000000,0.00000208,0.00000210,0.00000205,0.00000208,123051945.00000000,1537747199999,254.60824711,6470,62047106.00000000,128.64702854,0
1537747200000,0.00000209,0.00000209,0.00000195,0.00000198,193147796.00000000,1537790399999,389.38406359,13815,68963613.00000000,139.28309154,0
1537790400000,0.00000198,0.00000203,0.00000197,0.00000199,104619360.00000000,1537833599999,209.82981745,7255,52286388.00000000,105.07233962,0
1537833600000,0.00000199,0.00000201,0.00000192,0.00000194,129562433.00000000,1537876799999,254.39308022,7544,48797296.00000000,96.11044046,0
1537876800000,0.00000194,0.00000200,0.00000188,0.00000199,184148390.00000000,1537919999999,356.33273026,8833,91168710.00000000,176.99626255,0
1537920000000,0.00000199,0.00000200,0.00000193,0.00000197,92801873.00000000,1537963199999,181.63214927,5528,39902386.00000000,78.19065735,0
1537963200000,0.00000197,0.00000198,0.00000192,0.00000193,117906957.00000000,1538006399999,230.51416013,6676,46283780.00000000,90.73470245,0
1538006400000,0.00000194,0.00000196,0.00000192,0.00000194,67299204.00000000,1538049599999,130.43910043,4493,28802196.00000000,55.92516133,0
1538049600000,0.00000193,0.00000198,0.00000193,0.00000196,132739360.00000000,1538092799999,259.86645323,6749,65162857.00000000,127.78791344,0
1538092800000,0.00000196,0.00000202,0.00000194,0.00000196,163619961.00000000,1538135999999,323.85813928,8120,75090424.00000000,148.93398854,0
1538136000000,0.00000197,0.00000199,0.00000196,0.00000197,99654600.00000000,1538179199999,196.78109452,5723,42609480.00000000,84.31212716,0
1538179200000,0.00000197,0.00000198,0.00000195,0.00000198,83353290.00000000,1538222399999,163.74236764,4832,45066059.00000000,88.69331914,0
1538222400000,0.00000198,0.00000198,0.00000195,0.00000196,75836312.00000000,1538265599999,149.02756947,4733,35863423.00000000,70.63285367,0
1538265600000,0.00000196,0.00000196,0.00000192,0.00000194,71313016.00000000,1538308799999,138.60106983,4765,25007279.00000000,48.70245474,0
1538308800000,0.00000195,0.00000197,0.00000193,0.00000195,78666202.00000000,1538351999999,153.15778320,5151,36389203.00000000,70.99906235,0
1538352000000,0.00000195,0.00000196,0.00000193,0.00000195,60541978.00000000,1538395199999,117.86803449,4235,28215708.00000000,55.02784339,0
1538395200000,0.00000195,0.00000196,0.00000193,0.00000194,78030782.00000000,1538438399999,151.50993846,4935,31245192.00000000,60.80734192,0
1538438400000,0.00000195,0.00000204,0.00000194,0.00000201,181721043.00000000,1538481599999,363.16556425,9181,92649246.00000000,185.32353428,0
1538481600000,0.00000201,0.00000202,0.00000197,0.00000199,124017595.00000000,1538524799999,246.77988300,6458,54770462.00000000,109.22800497,0
1538524800000,0.00000198,0.00000199,0.00000195,0.00000198,73402061.00000000,1538567999999,144.27727524,4906,34778709.00000000,68.45708494,0
1538568000000,0.00000197,0.00000199,0.00000195,0.00000197,69876648.00000000,1538611199999,137.43574714,4248,25602711.00000000,50.51413420,0
1538611200000,0.00000197,0.00000197,0.00000195,0.00000196,45963861.00000000,1538654399999,90.09103593,3935,16905412.00000000,33.19657398,0
1538654400000,0.00000196,0.00000198,0.00000195,0.00000196,90571505.00000000,1538697599999,177.48170629,4671,40112108.00000000,78.80300648,0
1538697600000,0.00000195,0.00000197,0.00000194,0.00000196,32895114.00000000,1538740799999,64.20422248,3503,12532726.00000000,24.51842244,0
1538740800000,0.00000196,0.00000201,0.00000196,0.00000199,162519675.00000000,1538783999999,323.77831800,7457,84643240.00000000,168.85442179,0
1538784000000,0.00000199,0.00000201,0.00000197,0.00000198,58083546.00000000,1538827199999,115.47675964,4037,28335290.00000000,56.44901214,0
1538827200000,0.00000199,0.00000200,0.00000196,0.00000197,54663403.00000000,1538870399999,108.05966888,3879,24371585.00000000,48.31456731,0
1538870400000,0.00000198,0.00000199,0.00000196,0.00000198,47274627.00000000,1538913599999,93.54177641,3198,24149038.00000000,47.91614232,0
1538913600000,0.00000197,0.00000200,0.00000196,0.00000198,76102234.00000000,1538956799999,150.72291010,4137,33548001.00000000,66.60661763,0
1538956800000,0.00000199,0.00000200,0.00000197,0.00000199,70385859.00000000,1538999999999,139.81993204,4123,32769334.00000000,65.22982974,0
1539000000000,0.00000199,0.00000209,0.00000198,0.00000206,262543276.00000000,1539043199999,538.34277103,11159,145109012.00000000,297.55425581,0
1539043200000,0.00000206,0.00000207,0.00000201,0.00000205,127119099.00000000,1539086399999,259.00392166,6438,47876995.00000000,97.62835098,0
1539086400000,0.00000205,0.00000206,0.00000202,0.00000205,93115471.00000000,1539129599999,189.69153127,5404,35701111.00000000,72.84751958,0
1539129600000,0.00000205,0.00000207,0.00000199,0.00000200,129900071.00000000,1539172799999,262.52764124,6277,51608298.00000000,104.66232894,0
1539172800000,0.00000201,0.00000203,0.00000200,0.00000201,87762625.00000000,1539215999999,177.01655272,5184,35769647.00000000,72.32077906,0
1539216000000,0.00000201,0.00000202,0.00000181,0.00000188,256787365.00000000,1539259199999,493.02692621,12771,100800202.00000000,193.68604422,0
1539259200000,0.00000189,0.00000191,0.00000179,0.00000181,174885287.00000000,1539302399999,326.04197411,8447,66508159.00000000,124.66875210,0
1539302400000,0.00000180,0.00000188,0.00000177,0.00000186,136712408.00000000,1539345599999,249.82407394,6469,71791229.00000000,131.81441878,0
1539345600000,0.00000184,0.00000188,0.00000183,0.00000185,83699701.00000000,1539388799999,154.62482059,5435,37099600.00000000,68.69319400,0
1539388800000,0.00000184,0.00000187,0.00000184,0.00000185,50187292.00000000,1539431999999,92.90202827,3737,22594962.00000000,41.93091791,0
1539432000000,0.00000184,0.00000185,0.00000182,0.00000183,82088001.00000000,1539475199999,150.43314124,5320,34117553.00000000,62.68014398,0
1539475200000,0.00000184,0.00000186,0.00000182,0.00000185,71636458.00000000,1539518399999,131.62825629,4129,33958898.00000000,62.54051042,0
1539518400000,0.00000184,0.00000186,0.00000180,0.00000181,76218115.00000000,1539561599999,140.13387278,4994,30705124.00000000,56.70268974,0
1539561600000,0.00000181,0.00000184,0.00000171,0.00000178,238448198.00000000,1539604799999,423.79552318,10919,111598741.00000000,198.68693901,0
1539604800000,0.00000178,0.00000182,0.00000175,0.00000178,152630642.00000000,1539647999999,270.24865666,6702,77610567.00000000,137.78380333,0
1539648000000,0.00000179,0.00000181,0.00000176,0.00000179,86330102.00000000,1539691199999,154.04005487,4850,43912153.00000000,78.56403367,0
1539691200000,0.00000180,0.00000183,0.00000178,0.00000180,117711141.00000000,1539734399999,212.89228096,6382,58156953.00000000,105.37572492,0
1539734400000,0.00000181,0.00000181,0.00000176,0.00000179,151953299.00000000,1539777599999,271.38988015,6860,61524828.00000000,110.23330042,0
1539777600000,0.00000179,0.00000181,0.00000178,0.00000180,131072315.00000000,1539820799999,234.77844940,5674,64511703.00000000,115.86147367,0
1539820800000,0.00000179,0.00000181,0.00000179,0.00000180,80917178.00000000,1539863999999,145.54690542,5008,38284809.00000000,69.00241029,0
1539864000000,0.00000180,0.00000180,0.00000173,0.00000176,137627370.00000000,1539907199999,242.56283688,6852,51531755.00000000,90.94876749,0
1539907200000,0.00000175,0.00000176,0.00000173,0.00000174,49101091.00000000,1539950399999,85.68992880,2972,20193730.00000000,35.32469941,0
1539950400000,0.00000174,0.00000179,0.00000174,0.00000178,99652220.00000000,1539993599999,176.45163515,5458,48452031.00000000,85.98229619,0
1539993600000,0.00000178,0.00000180,0.00000177,0.00000179,64370874.00000000,1540036799999,114.73704652,4111,33579759.00000000,59.98957164,0
1540036800000,0.00000179,0.00000180,0.00000177,0.00000178,64421206.00000000,1540079999999,114.80446118,4504,30411769.00000000,54.32544242,0
1540080000000,0.00000178,0.00000179,0.00000176,0.00000178,58580725.00000000,1540123199999,104.04061777,3836,27589280.00000000,49.15327952,0
1540123200000,0.00000179,0.00000179,0.00000173,0.00000175,123809408.00000000,1540166399999,217.03053632,5849,45039970.00000000,79.10236051,0
1540166400000,0.00000175,0.00000176,0.00000172,0.00000174,134055641.00000000,1540209599999,232.88708690,5924,57248899.00000000,99.65638335,0
1540209600000,0.00000174,0.00000175,0.00000166,0.00000171,195184190.00000000,1540252799999,334.35365682,8355,77257391.00000000,132.67606519,0
1540252800000,0.00000171,0.00000173,0.00000168,0.00000169,131904844.00000000,1540295999999,224.44090399,5845,57180503.00000000,97.38628636,0
1540296000000,0.00000169,0.00000186,0.00000163,0.00000182,685682066.00000000,1540339199999,1216.49210993,22676,350068345.00000000,622.78218028,0
1540339200000,0.00000183,0.00000183,0.00000176,0.00000179,140366204.00000000,1540382399999,249.92207115,6900,57674934.00000000,102.80877284,0
1540382400000,0.00000178,0.00000184,0.00000175,0.00000176,275022660.00000000,1540425599999,493.76488992,11456,125887638.00000000,226.93992937,0
1540425600000,0.00000176,0.00000178,0.00000171,0.00000175,170760385.00000000,1540468799999,297.40561535,8831,79986898.00000000,139.66045534,0
1540468800000,0.00000175,0.00000176,0.00000173,0.00000174,88839260.00000000,1540511999999,155.26250044,4839,41181088.00000000,72.11524196,0
1540512000000,0.00000175,0.00000175,0.00000168,0.00000171,125075509.00000000,1540555199999,214.61891240,5975,40905552.00000000,70.39042946,0
1540555200000,0.00000172,0.00000173,0.00000169,0.00000171,108116092.00000000,1540598399999,184.57301954,5828,48656169.00000000,83.30445003,0
1540598400000,0.00000172,0.00000172,0.00000167,0.00000169,79492762.00000000,1540641599999,134.82918880,4301,29349254.00000000,49.91455283,0
1540641600000,0.00000169,0.00000170,0.00000166,0.00000168,105279580.00000000,1540684799999,177.29511052,6298,47225350.00000000,79.76206073,0
1540684800000,0.00000169,0.00000171,0.00000168,0.00000169,58042952.00000000,1540727999999,98.25704530,3999,25115820.00000000,42.61986120,0
1540728000000,0.00000169,0.00000175,0.00000168,0.00000169,165994706.00000000,1540771199999,283.40377791,7396,89162095.00000000,152.52160262,0
1540771200000,0.00000170,0.00000175,0.00000169,0.00000169,270822731.00000000,1540814399999,464.43823394,11767,141411782.00000000,242.98370613,0
1540814400000,0.00000170,0.00000171,0.00000164,0.00000166,218824897.00000000,1540857599999,364.19942555,8527,85808635.00000000,142.99620903,0
1540857600000,0.00000166,0.00000168,0.00000163,0.00000164,88357580.00000000,1540900799999,146.31202135,4827,29949523.00000000,49.80064811,0
1540900800000,0.00000164,0.00000165,0.00000158,0.00000162,228031587.00000000,1540943999999,368.21036423,9535,84084607.00000000,136.00029868,0
1540944000000,0.00000161,0.00000164,0.00000159,0.00000162,123081258.00000000,1540987199999,198.68339445,5675,60881044.00000000,98.54334902,0
1540987200000,0.00000162,0.00000167,0.00000159,0.00000165,198665662.00000000,1541030399999,324.34655087,7389,99965692.00000000,163.50511738,0
1541030400000,0.00000165,0.00000166,0.00000159,0.00000161,138790992.00000000,1541073599999,224.14698903,5266,53676188.00000000,86.77776951,0
1541073600000,0.00000161,0.00000167,0.00000160,0.00000163,237764393.00000000,1541116799999,389.33222613,8087,132397257.00000000,217.20466203,0
1541116800000,0.00000163,0.00000165,0.00000162,0.00000164,99784361.00000000,1541159999999,163.48352556,4318,50367277.00000000,82.73177380,0
1541160000000,0.00000164,0.00000165,0.00000162,0.00000163,139822774.00000000,1541203199999,228.28980231,5328,67791485.00000000,110.96032099,0
1541203200000,0.00000163,0.00000164,0.00000160,0.00000163,77167228.00000000,1541246399999,125.04712904,4098,37715785.00000000,61.24698662,0
1541246400000,0.00000163,0.00000163,0.00000160,0.00000162,80955972.00000000,1541289599999,130.93243810,4298,36225174.00000000,58.75241706,0
1541289600000,0.00000163,0.00000163,0.00000161,0.00000162,62308227.00000000,1541332799999,100.92696300,3763,24350674.00000000,39.54051721,0
1541332800000,0.00000162,0.00000174,0.00000162,0.00000168,375661790.00000000,1541375999999,632.89495821,14566,215028883.00000000,362.60172125,0
1541376000000,0.00000168,0.00000169,0.00000161,0.00000167,168915136.00000000,1541419199999,279.58722224,7091,70709414.00000000,117.46807928,0
1541419200000,0.00000167,0.00000169,0.00000164,0.00000166,148397404.00000000,1541462399999,247.14919768,7262,63665124.00000000,106.31893949,0
1541462400000,0.00000167,0.00000169,0.00000165,0.00000166,119790258.00000000,1541505599999,199.29907368,6592,55534779.00000000,92.61738440,0
1541505600000,0.00000166,0.00000174,0.00000166,0.00000174,281312575.00000000,1541548799999,480.60535642,10131,151476797.00000000,259.39703228,0
1541548800000,0.00000173,0.00000174,0.00000167,0.00000168,177141926.00000000,1541591999999,302.15117783,8899,61597598.00000000,105.64299444,0
1541592000000,0.00000167,0.00000169,0.00000160,0.00000166,293481458.00000000,1541635199999,483.06576861,13317,128963241.00000000,212.67485567,0
1541635200000,0.00000166,0.00000167,0.00000162,0.00000165,85939256.00000000,1541678399999,141.11494089,5828,36612451.00000000,60.27815748,0
1541678400000,0.00000165,0.00000166,0.00000161,0.00000163,116425356.00000000,1541721599999,190.97299340,5495,42797887.00000000,70.47210891,0
1541721600000,0.00000162,0.00000163,0.00000160,0.00000160,158069522.00000000,1541764799999,254.81558423,6486,85634862.00000000,138.27545623,0
1541764800000,0.00000161,0.00000162,0.00000157,0.00000159,102282241.00000000,1541807999999,163.41144402,5526,38412923.00000000,61.59231073,0
1541808000000,0.00000160,0.00000160,0.00000158,0.00000160,48713966.00000000,1541851199999,77.50908364,3861,20587049.00000000,32.85295878,0
1541851200000,0.00000159,0.00000163,0.00000159,0.00000160,64813772.00000000,1541894399999,104.54194704,4144,32181177.00000000,51.99003468,0
1541894400000,0.00000160,0.00000161,0.00000158,0.00000159,78213404.00000000,1541937599999,124.59124731,4450,35907629.00000000,57.33921440,0
1541937600000,0.00000160,0.00000161,0.00000156,0.00000158,150230183.00000000,1541980799999,237.83873002,5833,57772913.00000000,91.93481998,0
1541980800000,0.00000158,0.00000159,0.00000154,0.00000156,130991752.00000000,1542023999999,204.67442241,5638,58646018.00000000,91.95133327,0
1542024000000,0.00000156,0.00000158,0.00000154,0.00000155,111621610.00000000,1542067199999,174.26363676,5689,55475562.00000000,86.86015883,0
1542067200000,0.00000155,0.00000155,0.00000147,0.00000149,255865251.00000000,1542110399999,385.99968991,8553,99558857.00000000,150.57522657,0
1542110400000,0.00000150,0.00000153,0.00000143,0.00000143,246902331.00000000,1542153599999,368.81856704,9655,96648927.00000000,144.72653776,0
1542153600000,0.00000143,0.00000147,0.00000139,0.00000140,146464428.00000000,1542196799999,209.34937514,4052,56721268.00000000,81.34978002,0
1542196800000,0.00000139,0.00000149,0.00000128,0.00000146,777764209.00000000,1542239999999,1077.67595650,15989,374531389.00000000,521.58811379,0
1542240000000,0.00000146,0.00000152,0.00000137,0.00000139,328854619.00000000,1542283199999,469.90294009,6997,136200632.00000000,195.76485529,0
1542283200000,0.00000139,0.00000143,0.00000132,0.00000141,325042499.00000000,1542326399999,449.06673289,7232,169614787.00000000,235.39971313,0
1542326400000,0.00000141,0.00000144,0.00000137,0.00000140,173832790.00000000,1542369599999,242.84143598,3812,85270787.00000000,119.56491303,0
1542369600000,0.00000140,0.00000142,0.00000137,0.00000138,149680066.00000000,1542412799999,209.48765514,3187,73643451.00000000,103.43082471,0
1542412800000,0.00000139,0.00000139,0.00000135,0.00000137,118727108.00000000,1542455999999,161.75958383,2315,50668988.00000000,69.25555967,0
1542456000000,0.00000137,0.00000140,0.00000136,0.00000139,98627742.00000000,1542499199999,136.35913308,2226,58122429.00000000,80.48906179,0
1542499200000,0.00000139,0.00000140,0.00000136,0.00000137,107164342.00000000,1542542399999,147.37355918,2430,38176169.00000000,52.72420382,0
1542542400000,0.00000136,0.00000138,0.00000135,0.00000137,119990121.00000000,1542585599999,163.75128068,2774,50271730.00000000,68.83097768,0
1542585600000,0.00000136,0.00000137,0.00000121,0.00000124,483019784.00000000,1542628799999,607.07727363,8942,189521679.00000000,238.39737160,0
1542628800000,0.00000125,0.00000127,0.00000118,0.00000125,594837595.00000000,1542671999999,727.40025765,10572,285659996.00000000,350.32077978,0
1542672000000,0.00000124,0.00000128,0.00000114,0.00000118,477968397.00000000,1542715199999,576.46751783,7790,210181927.00000000,254.32616952,0
1542715200000,0.00000119,0.00000128,0.00000117,0.00000120,552817428.00000000,1542758399999,673.93180874,10114,283492395.00000000,347.26636296,0
1542758400000,0.00000120,0.00000129,0.00000118,0.00000124,300146766.00000000,1542801599999,369.44197607,5451,157233672.00000000,194.11161829,0
1542801600000,0.00000125,0.00000127,0.00000122,0.00000126,231566023.00000000,1542844799999,288.19983395,4296,119005177.00000000,148.55279210,0
1542844800000,0.00000126,0.00000128,0.00000123,0.00000124,116068251.00000000,1542887999999,145.74083806,2375,45473117.00000000,57.40540110,0
1542888000000,0.00000124,0.00000124,0.00000120,0.00000120,135893081.00000000,1542931199999,165.49356852,2751,57896046.00000000,70.73008617,0
1542931200000,0.00000120,0.00000122,0.00000117,0.00000118,196226833.00000000,1542974399999,233.48312894,3048,85948770.00000000,102.48739835,0
1542974400000,0.00000117,0.00000120,0.00000116,0.00000118,165558555.00000000,1543017599999,195.15478204,2722,79476765.00000000,93.92401063,0
1543017600000,0.00000119,0.00000121,0.00000116,0.00000118,102248647.00000000,1543060799999,120.70610781,1733,43945189.00000000,52.10975115,0
1543060800000,0.00000117,0.00000120,0.00000115,0.00000117,192949821.00000000,1543103999999,226.20737001,3058,83894404.00000000,98.74185523,0
1543104000000,0.00000118,0.00000119,0.00000110,0.00000113,306729040.00000000,1543147199999,347.93917136,5059,108763000.00000000,124.08563948,0
1543147200000,0.00000113,0.00000118,0.00000111,0.00000117,247596041.00000000,1543190399999,282.38250608,4690,127488330.00000000,146.03892927,0
1543190400000,0.00000116,0.00000119,0.00000113,0.00000115,256105908.00000000,1543233599999,296.28359927,3730,120691955.00000000,140.23287828,0
1543233600000,0.00000114,0.00000116,0.00000111,0.00000115,228251065.00000000,1543276799999,260.14593831,3791,109738924.00000000,125.53909215,0
1543276800000,0.00000114,0.00000116,0.00000110,0.00000114,224401329.00000000,1543319999999,252.46394585,3578,108406856.00000000,122.10580371,0
1543320000000,0.00000113,0.00000117,0.00000113,0.00000115,176449724.00000000,1543363199999,202.66034849,2911,104511210.00000000,120.42765313,0
1543363200000,0.00000116,0.00000125,0.00000115,0.00000118,415521712.00000000,1543406399999,495.56440604,6725,219611198.00000000,262.37214408,0
1543406400000,0.00000118,0.00000127,0.00000117,0.00000124,598563233.00000000,1543449599999,731.18624332,10238,303763121.00000000,371.97339431,0
1543449600000,0.00000123,0.00000129,0.00000120,0.00000128,306742135.00000000,1543492799999,380.48860272,4654,147540861.00000000,184.06848860,0
1543492800000,0.00000127,0.00000129,0.00000122,0.00000125,263228965.00000000,1543535999999,331.67767187,4865,120295372.00000000,152.22665548,0
1543536000000,0.00000125,0.00000125,0.00000116,0.00000118,257566669.00000000,1543579199999,310.74861171,4688,119245311.00000000,144.31568953,0
1543579200000,0.00000118,0.00000121,0.00000115,0.00000119,312887557.00000000,1543622399999,368.10715013,4672,144606022.00000000,170.71322170,0
1543622400000,0.00000119,0.00000122,0.00000117,0.00000121,117645887.00000000,1543665599999,140.82675280,1969,60049860.00000000,72.14841112,0
1543665600000,0.00000121,0.00000123,0.00000120,0.00000120,125109268.00000000,1543708799999,151.53672585,2228,60876761.00000000,73.93994626,0
1543708800000,0.00000120,0.00000122,0.00000119,0.00000119,144173648.00000000,1543751999999,173.55285378,3523,62772526.00000000,75.88289019,0
1543752000000,0.00000119,0.00000120,0.00000116,0.00000119,139068528.00000000,1543795199999,164.84424660,2576,60148469.00000000,71.41586638,0
1543795200000,0.00000119,0.00000120,0.00000117,0.00000119,92740402.00000000,1543838399999,109.98955623,1654,47933214.00000000,57.01757473,0
1543838400000,0.00000119,0.00000120,0.00000115,0.00000118,180283153.00000000,1543881599999,211.17294095,3025,80872513.00000000,95.03266712,0
1543881600000,0.00000118,0.00000118,0.00000115,0.00000117,110729753.00000000,1543924799999,129.30007707,1955,51043741.00000000,59.80493233,0
1543924800000,0.00000117,0.00000121,0.00000116,0.00000117,217319507.00000000,1543967999999,257.36786667,3383,109529767.00000000,129.97386041,0
1543968000000,0.00000117,0.00000120,0.00000116,0.00000118,141898871.00000000,1544011199999,167.16486796,2131,79667268.00000000,94.13596056,0
1544011200000,0.00000117,0.00000120,0.00000116,0.00000119,157038238.00000000,1544054399999,185.34658581,2527,85428626.00000000,101.04159933,0
1544054400000,0.00000118,0.00000126,0.00000117,0.00000121,320439279.00000000,1544097599999,389.32409204,5572,173091095.00000000,210.85009112,0
1544097600000,0.00000121,0.00000123,0.00000115,0.00000116,385207580.00000000,1544140799999,454.89427277,5365,180015362.00000000,213.36343073,0
1544140800000,0.00000116,0.00000120,0.00000114,0.00000115,335059252.00000000,1544183999999,390.24735708,4581,165208222.00000000,193.28852682,0
1544184000000,0.00000115,0.00000117,0.00000111,0.00000115,233548216.00000000,1544227199999,266.69165398,4802,100835696.00000000,115.79726455,0
1544227200000,0.00000115,0.00000118,0.00000113,0.00000115,176085758.00000000,1544270399999,203.52189872,3197,88874579.00000000,103.18403341,0
1544270400000,0.00000115,0.00000116,0.00000111,0.00000113,206910298.00000000,1544313599999,234.02485440,3104,89267936.00000000,101.09431314,0
1544313600000,0.00000113,0.00000114,0.00000111,0.00000112,128038221.00000000,1544356799999,143.31772681,1828,45601935.00000000,51.22582703,0
1544356800000,0.00000113,0.00000115,0.00000112,0.00000113,146875897.00000000,1544399999999,166.13848514,2278,84995546.00000000,96.34764468,0
1544400000000,0.00000113,0.00000113,0.00000107,0.00000110,204181343.00000000,1544443199999,224.37577587,2880,72447443.00000000,79.90921929,0
1544443200000,0.00000110,0.00000111,0.00000108,0.00000110,142206659.00000000,1544486399999,155.13376934,1942,85011388.00000000,92.90816768,0
1544486400000,0.00000110,0.00000112,0.00000108,0.00000109,103529999.00000000,1544529599999,113.37707253,1316,48322371.00000000,53.05935671,0
1544529600000,0.00000109,0.00000110,0.00000108,0.00000109,89424646.00000000,1544572799999,97.28729947,1261,39034428.00000000,42.57837605,0
1544572800000,0.00000109,0.00000109,0.00000106,0.00000108,162332073.00000000,1544615999999,174.37271897,2628,69569341.00000000,74.91776054,0
1544616000000,0.00000108,0.00000109,0.00000105,0.00000107,181908508.00000000,1544659199999,194.82595169,2158,75313130.00000000,80.94380122,0
1544659200000,0.00000108,0.00000109,0.00000106,0.00000108,106184975.00000000,1544702399999,114.19685961,1180,42330852.00000000,45.72470523,0
1544702400000,0.00000108,0.00000108,0.00000105,0.00000106,89724717.00000000,1544745599999,95.96547066,1441,37401288.00000000,40.20101792,0
1544745600000,0.00000106,0.00000108,0.00000104,0.00000105,113114231.00000000,1544788799999,119.23555096,1986,56639043.00000000,59.84217113,0
1544788800000,0.00000105,0.00000107,0.00000103,0.00000104,138106082.00000000,1544831999999,144.96759740,2200,70779927.00000000,74.60619185,0
1544832000000,0.00000105,0.00000106,0.00000103,0.00000103,89994593.00000000,1544875199999,93.99014815,1584,47719802.00000000,50.00117236,0
1544875200000,0.00000104,0.00000105,0.00000102,0.00000104,98466310.00000000,1544918399999,102.00303949,1711,46850046.00000000,48.76956852,0
1544918400000,0.00000104,0.00000107,0.00000103,0.00000105,86663858.00000000,1544961599999,91.12933673,1482,51751402.00000000,54.50606250,0
1544961600000,0.00000105,0.00000106,0.00000104,0.00000106,88680715.00000000,1545004799999,93.01251182,1493,43458327.00000000,45.74398855,0
1545004800000,0.00000105,0.00000110,0.00000105,0.00000108,184553357.00000000,1545047999999,197.79836992,2647,99462058.00000000,106.85327908,0
1545048000000,0.00000108,0.00000116,0.00000107,0.00000114,594204952.00000000,1545091199999,661.66048636,8974,337544995.00000000,377.57806180,0
1545091200000,0.00000114,0.00000115,0.00000107,0.00000110,257750612.00000000,1545134399999,285.63721422,3553,110325880.00000000,122.40043159,0
1545134400000,0.00000111,0.00000113,0.00000109,0.00000112,222537708.00000000,1545177599999,247.31178915,3291,116947130.00000000,130.31450303,0
1545177600000,0.00000113,0.00000115,0.00000110,0.00000113,293311199.00000000,1545220799999,329.29389006,3810,161507535.00000000,181.74933167,0
1545220800000,0.00000113,0.00000117,0.00000111,0.00000112,432809117.00000000,1545263999999,494.49321329,5949,227159878.00000000,260.54045941,0
1545264000000,0.00000112,0.00000113,0.00000109,0.00000111,317610612.00000000,1545307199999,352.53239146,3620,119533373.00000000,133.18597340,0
1545307200000,0.00000111,0.00000112,0.00000108,0.00000110,222804770.00000000,1545350399999,244.16390095,3537,110529246.00000000,121.54884970,0
1545350400000,0.00000111,0.00000113,0.00000109,0.00000112,190489101.00000000,1545393599999,211.13039651,2719,99310966.00000000,110.40135084,0
1545393600000,0.00000112,0.00000121,0.00000111,0.00000115,576871189.00000000,1545436799999,670.41721052,8629,309819695.00000000,361.42975289,0
1545436800000,0.00000115,0.00000119,0.00000112,0.00000117,229393088.00000000,1545479999999,265.59601256,3023,125695485.00000000,145.84811921,0
1545480000000,0.00000117,0.00000118,0.00000113,0.00000115,157061223.00000000,1545523199999,181.05137529,2471,72494551.00000000,83.84383722,0
1545523200000,0.00000116,0.00000120,0.00000115,0.00000120,175661387.00000000,1545566399999,207.34527044,2870,113696560.00000000,134.45263086,0
1545566400000,0.00000120,0.00000120,0.00000117,0.00000119,144961329.00000000,1545609599999,172.11961845,2598,71811391.00000000,85.55612901,0
1545609600000,0.00000119,0.00000127,0.00000117,0.00000123,378370086.00000000,1545652799999,462.39321059,6869,199275449.00000000,243.73911109,0
1545652800000,0.00000122,0.00000125,0.00000116,0.00000118,232824965.00000000,1545695999999,280.10230788,4247,95495204.00000000,115.37389998,0
1545696000000,0.00000117,0.00000118,0.00000114,0.00000114,248097928.00000000,1545739199999,287.01923237,3115,105405447.00000000,122.42350323,0
1545739200000,0.00000114,0.00000116,0.00000111,0.00000115,147994953.00000000,1545782399999,167.73027178,2528,74877395.00000000,85.19802736,0
1545782400000,0.00000115,0.00000119,0.00000112,0.00000113,121677448.00000000,1545825599999,140.43544519,1975,57045883.00000000,66.24803109,0
1545825600000,0.00000114,0.00000115,0.00000113,0.00000115,79038826.00000000,1545868799999,90.08791827,1248,40917981.00000000,46.80069242,0
1545868800000,0.00000115,0.00000115,0.00000110,0.00000111,87343416.00000000,1545911999999,98.01665328,1495,28361236.00000000,31.98842403,0
1545912000000,0.00000112,0.00000112,0.00000106,0.00000107,222712673.00000000,1545955199999,241.39789329,3351,71337688.00000000,77.54102259,0
1545955200000,0.00000108,0.00000109,0.00000105,0.00000108,123361304.00000000,1545998399999,132.38546361,1855,60295194.00000000,64.90692595,0
1545998400000,0.00000109,0.00000114,0.00000107,0.00000112,212479327.00000000,1546041599999,237.30775722,3298,125927661.00000000,140.83213305,0
1546041600000,0.00000111,0.00000114,0.00000108,0.00000109,110055623.00000000,1546084799999,122.60525801,1560,42323170.00000000,47.36228079,0
1546084800000,0.00000110,0.00000112,0.00000108,0.00000109,160211745.00000000,1546127999999,176.41245020,2197,61216739.00000000,67.56172084,0
1546128000000,0.00000109,0.00000110,0.00000108,0.00000109,93211282.00000000,1546171199999,101.50303644,1426,54271789.00000000,59.24942687,0
1546171200000,0.00000109,0.00000110,0.00000108,0.00000110,127805188.00000000,1546214399999,139.19723019,1593,66451980.00000000,72.63584909,0
1546214400000,0.00000109,0.00000110,0.00000107,0.00000108,70256869.00000000,1546257599999,76.34628911,1140,18765075.00000000,20.47998262,0
1546257600000,0.00000107,0.00000109,0.00000105,0.00000107,129851243.00000000,1546300799999,138.90782136,2002,46385558.00000000,49.89857483,0
1546300800000,0.00000106,0.00000107,0.00000104,0.00000107,94143137.00000000,1546343999999,99.35516800,1407,43675892.00000000,46.23422545,0
1546344000000,0.00000106,0.00000108,0.00000106,0.00000107,56521728.00000000,1546387199999,60.46662639,1075,32266585.00000000,34.66410022,0
1546387200000,0.00000107,0.00000108,0.00000106,0.00000108,102167769.00000000,1546430399999,109.33416992,1380,51159096.00000000,54.83728644,0
1546430400000,0.00000108,0.00000108,0.00000106,0.00000108,136620054.00000000,1546473599999,146.33597028,1920,60887535.00000000,65.38767904,0
1546473600000,0.00000107,0.00000108,0.00000105,0.00000106,127606124.00000000,1546516799999,136.10609271,1497,45039100.00000000,48.24889550,0
1546516800000,0.00000106,0.00000107,0.00000104,0.00000105,111644676.00000000,1546559999999,117.90929484,1786,59221078.00000000,62.75260253,0
1546560000000,0.00000106,0.00000108,0.00000105,0.00000106,99268267.00000000,1546603199999,105.54217068,1377,42996219.00000000,45.81125719,0
1546603200000,0.00000106,0.00000107,0.00000105,0.00000106,96345812.00000000,1546646399999,102.22330776,1805,51315391.00000000,54.55961328,0
1546646400000,0.00000107,0.00000108,0.00000105,0.00000106,100993549.00000000,1546689599999,107.18767062,1450,37320829.00000000,39.72129446,0
1546689600000,0.00000107,0.00000107,0.00000105,0.00000106,131616520.00000000,1546732799999,139.72940934,1653,57836076.00000000,61.59015468,0
1546732800000,0.00000106,0.00000107,0.00000105,0.00000107,114699356.00000000,1546775999999,121.68551214,1501,73148959.00000000,77.82940925,0
1546776000000,0.00000107,0.00000109,0.00000106,0.00000107,246579200.00000000,1546819199999,264.94834298,3427,123073255.00000000,132.64691509,0
1546819200000,0.00000107,0.00000107,0.00000104,0.00000105,149451317.00000000,1546862399999,158.20046647,1923,59616248.00000000,63.35985573,0
1546862400000,0.00000105,0.00000106,0.00000102,0.00000104,201172448.00000000,1546905599999,209.75432728,2898,90182387.00000000,94.31652080,0
1546905600000,0.00000104,0.00000106,0.00000102,0.00000106,151776178.00000000,1546948799999,156.70962979,2450,86120341.00000000,89.28927773,0
1546948800000,0.00000105,0.00000111,0.00000105,0.00000108,373426363.00000000,1546991999999,403.23906737,5392,217395696.00000000,235.01562703,0
1546992000000,0.00000109,0.00000115,0.00000108,0.00000113,476130751.00000000,1547035199999,532.86112503,5996,283125919.00000000,317.65315698,0
1547035200000,0.00000113,0.00000120,0.00000112,0.00000118,572280076.00000000,1547078399999,659.70869566,6620,304515054.00000000,352.64913744,0
1547078400000,0.00000119,0.00000122,0.00000106,0.00000109,770284839.00000000,1547121599999,878.41726566,10115,288031217.00000000,331.46804440,0
1547121600000,0.00000109,0.00000113,0.00000105,0.00000111,397670266.00000000,1547164799999,431.77652347,5819,194965938.00000000,212.94108645,0
1547164800000,0.00000111,0.00000113,0.00000107,0.00000109,156948201.00000000,1547207999999,172.93270008,2229,68670877.00000000,75.94057538,0
1547208000000,0.00000109,0.00000111,0.00000107,0.00000109,227715691.00000000,1547251199999,248.09258164,2811,117399411.00000000,128.13825148,0
1547251200000,0.00000109,0.00000112,0.00000108,0.00000111,137463374.00000000,1547294399999,151.12754164,1967,66123164.00000000,72.91808364,0
1547294400000,0.00000111,0.00000111,0.00000108,0.00000109,139440698.00000000,1547337599999,152.75982609,1806,64140984.00000000,70.56405819,0
1547337600000,0.00000110,0.00000111,0.00000107,0.00000108,123580968.00000000,1547380799999,134.57472319,1964,47990254.00000000,52.41960332,0
1547380800000,0.00000108,0.00000109,0.00000105,0.00000107,216814007.00000000,1547423999999,231.06306179,2917,107716148.00000000,115.04555683,0
1547424000000,0.00000107,0.00000108,0.00000106,0.00000107,100904636.00000000,1547467199999,108.23294247,1055,45578266.00000000,49.04378384,0
1547467200000,0.00000108,0.00000110,0.00000106,0.00000110,208655763.00000000,1547510399999,226.56086919,2640,110275397.00000000,120.04075593,0
1547510400000,0.00000110,0.00000111,0.00000108,0.00000109,114013407.00000000,1547553599999,124.70639606,1285,47303724.00000000,51.96731210,0
1547553600000,0.00000108,0.00000110,0.00000107,0.00000108,140669837.00000000,1547596799999,152.70776408,1640,69849420.00000000,76.08331719,0
1547596800000,0.00000108,0.00000109,0.00000107,0.00000108,138958015.00000000,1547639999999,149.13027123,1278,34056351.00000000,36.78120969,0
1547640000000,0.00000108,0.00000110,0.00000106,0.00000110,209375301.00000000,1547683199999,225.40626950,2132,102803018.00000000,111.07046317,0
1547683200000,0.00000110,0.00000114,0.00000108,0.00000114,426849095.00000000,1547726399999,473.05599601,4327,269154535.00000000,299.25275137,0
1547726400000,0.00000113,0.00000119,0.00000113,0.00000116,778742356.00000000,1547769599999,904.95658196,8297,436566272.00000000,508.31899013,0
1547769600000,0.00000116,0.00000117,0.00000111,0.00000113,213806490.00000000,1547812799999,241.60688152,2961,83593929.00000000,94.68044968,0
1547812800000,0.00000113,0.00000113,0.00000110,0.00000111,168319797.00000000,1547855999999,187.64703665,2216,65156987.00000000,72.78859938,0
1547856000000,0.00000112,0.00000114,0.00000111,0.00000111,102838765.00000000,1547899199999,115.46144110,1673,58535870.00000000,65.80959330,0
1547899200000,0.00000112,0.00000112,0.00000110,0.00000111,178857613.00000000,1547942399999,198.56196170,2073,75709027.00000000,84.35108943,0
1547942400000,0.00000111,0.00000114,0.00000110,0.00000112,173234753.00000000,1547985599999,193.93609918,2372,76476459.00000000,85.85158215,0
1547985600000,0.00000111,0.00000112,0.00000109,0.00000111,193611863.00000000,1548028799999,213.24131090,2603,88488817.00000000,97.74861582,0
1548028800000,0.00000112,0.00000117,0.00000111,0.00000114,293806449.00000000,1548071999999,336.86473594,4068,175589809.00000000,201.59454447,0
1548072000000,0.00000113,0.00000119,0.00000113,0.00000115,340539788.00000000,1548115199999,395.86423546,4909,169517229.00000000,197.31501365,0
1548115200000,0.00000115,0.00000124,0.00000115,0.00000121,699368316.00000000,1548158399999,838.88690230,8212,424871490.00000000,509.12421012,0
1548158400000,0.00000122,0.00000127,0.00000121,0.00000126,613987740.00000000,1548201599999,763.02970243,9174,371532521.00000000,462.76729990,0
1548201600000,0.00000127,0.00000127,0.00000121,0.00000125,318056547.00000000,1548244799999,394.13141459,4376,144181224.00000000,179.28411197,0
1548244800000,0.00000125,0.00000126,0.00000121,0.00000123,286336984.00000000,1548287999999,353.76809739,3777,100595106.00000000,124.66302078,0
1548288000000,0.00000123,0.00000123,0.00000119,0.00000120,200906241.00000000,1548331199999,242.06221513,2811,63263175.00000000,76.48936153,0
1548331200000,0.00000120,0.00000124,0.00000120,0.00000122,157469997.00000000,1548374399999,192.17610476,2981,76257088.00000000,93.28094820,0
1548374400000,0.00000122,0.00000123,0.00000121,0.00000122,92494219.00000000,1548417599999,112.83100463,1213,42959260.00000000,52.60841804,0
1548417600000,0.00000122,0.00000122,0.00000120,0.00000121,73446611.00000000,1548460799999,88.75696125,1309,29347364.00000000,35.58939783,0
1548460800000,0.00000121,0.00000123,0.00000120,0.00000121,181944947.00000000,1548503999999,220.58399950,1897,79374368.00000000,96.49644701,0
1548504000000,0.00000120,0.00000123,0.00000120,0.00000121,153291887.00000000,1548547199999,186.71542334,1957,76078232.00000000,92.84874394,0
1548547200000,0.00000122,0.00000122,0.00000114,0.00000116,232232238.00000000,1548590399999,272.41971460,5234,68058687.00000000,80.02564559,0
1548590400000,0.00000116,0.00000120,0.00000114,0.00000116,242031078.00000000,1548633599999,282.56214124,3146,126470955.00000000,148.36792760,0
1548633600000,0.00000116,0.00000117,0.00000110,0.00000111,326380409.00000000,1548676799999,368.15431257,4140,126391466.00000000,142.77664528,0
1548676800000,0.00000111,0.00000116,0.00000110,0.00000113,263825315.00000000,1548719999999,296.56991365,3305,145208415.00000000,163.50400798,0
1548720000000,0.00000114,0.00000114,0.00000110,0.00000112,138782565.00000000,1548763199999,155.56220981,1889,61293764.00000000,68.76059581,0
1548763200000,0.00000113,0.00000117,0.00000112,0.00000114,175538772.00000000,1548806399999,200.57020668,2410,99195201.00000000,113.56634153,0
1548806400000,0.00000114,0.00000118,0.00000112,0.00000116,156020745.00000000,1548849599999,179.86969908,2387,84659157.00000000,97.79262047,0
1548849600000,0.00000116,0.00000119,0.00000115,0.00000115,200734403.00000000,1548892799999,234.36326107,2677,92180742.00000000,107.93353033,0
1548892800000,0.00000116,0.00000117,0.00000110,0.00000113,180823369.00000000,1548935999999,204.45551776,3007,62497497.00000000,70.78993980,0
1548936000000,0.00000113,0.00000114,0.00000110,0.00000114,142558639.00000000,1548979199999,159.60729722,1938,64166162.00000000,72.09245026,0
1548979200000,0.00000114,0.00000114,0.00000111,0.00000113,67334658.00000000,1549022399999,75.42284314,1138,30161477.00000000,33.92733576,0
1549022400000,0.00000113,0.00000114,0.00000111,0.00000112,107066605.00000000,1549065599999,120.21742134,1467,47933494.00000000,54.00786556,0
1549065600000,0.00000113,0.00000113,0.00000111,0.00000112,61484317.00000000,1549108799999,68.91993603,896,19922422.00000000,22.38963467,0
1549108800000,0.00000113,0.00000113,0.00000111,0.00000113,78582439.00000000,1549151999999,87.90773811,936,38451937.00000000,43.14806232,0
1549152000000,0.00000113,0.00000114,0.00000111,0.00000112,83849129.00000000,1549195199999,94.35794028,855,54414919.00000000,61.40270326,0
1549195200000,0.00000113,0.00000113,0.00000111,0.00000112,58999073.00000000,1549238399999,65.92726050,930,22844865.00000000,25.63904567,0
1549238400000,0.00000112,0.00000112,0.00000109,0.00000110,123570912.00000000,1549281599999,136.42356081,1899,50804570.00000000,56.31422540,0
1549281600000,0.00000110,0.00000111,0.00000109,0.00000110,59860890.00000000,1549324799999,66.01687929,1049,19963567.00000000,22.13163732,0
1549324800000,0.00000111,0.00000111,0.00000108,0.00000110,141479688.00000000,1549367999999,155.09269624,1656,50930198.00000000,56.00481400,0
1549368000000,0.00000110,0.00000112,0.00000108,0.00000109,151794816.00000000,1549411199999,167.03193285,1581,57883212.00000000,63.90187528,0
1549411200000,0.00000109,0.00000109,0.00000107,0.00000108,116657586.00000000,1549454399999,126.27255579,1918,51885519.00000000,56.40539038,0
1549454400000,0.00000109,0.00000110,0.00000106,0.00000107,268759452.00000000,1549497599999,288.29599456,2500,92060686.00000000,99.12017715,0
1549497600000,0.00000107,0.00000110,0.00000106,0.00000109,135880993.00000000,1549540799999,147.50350445,1649,84405199.00000000,91.74035241,0
1549540800000,0.00000109,0.00000110,0.00000108,0.00000109,63614029.00000000,1549583999999,69.41884970,1203,25211436.00000000,27.60538994,0
1549584000000,0.00000109,0.00000110,0.00000107,0.00000109,201523641.00000000,1549627199999,219.02656633,2288,105916876.00000000,115.26330279,0
1549627200000,0.00000109,0.00000112,0.00000108,0.00000108,239715177.00000000,1549670399999,262.86322901,3228,113738015.00000000,125.16273103,0
1549670400000,0.00000108,0.00000109,0.00000107,0.00000107,117783148.00000000,1549713599999,126.89681833,1738,49754505.00000000,53.80034130,0
1549713600000,0.00000108,0.00000110,0.00000107,0.00000109,116285395.00000000,1549756799999,126.18157710,1622,72375030.00000000,78.71922280,0
1549756800000,0.00000110,0.00000113,0.00000109,0.00000110,255869005.00000000,1549799999999,283.76946090,3005,131975517.00000000,147.02009693,0
1549800000000,0.00000111,0.00000112,0.00000108,0.00000110,235248559.00000000,1549843199999,258.10840511,3518,85965109.00000000,94.57813075,0
1549843200000,0.00000110,0.00000110,0.00000107,0.00000108,115054572.00000000,1549886399999,124.81792174,1380,34019471.00000000,37.05278143,0
1549886400000,0.00000109,0.00000109,0.00000107,0.00000108,126952293.00000000,1549929599999,136.87483549,1954,65489068.00000000,70.74857865,0
1549929600000,0.00000107,0.00000108,0.00000106,0.00000108,107223344.00000000,1549972799999,114.83956322,1487,42405861.00000000,45.59596991,0
1549972800000,0.00000108,0.00000108,0.00000107,0.00000108,119111310.00000000,1550015999999,127.99212531,1411,54302361.00000000,58.64654988,0
1550016000000,0.00000108,0.00000109,0.00000107,0.00000107,86171694.00000000,1550059199999,93.07668080,1189,47559981.00000000,51.48369375,0
1550059200000,0.00000108,0.00000108,0.00000106,0.00000107,82655352.00000000,1550102399999,88.55334645,1080,38484396.00000000,41.32436714,0
1550102400000,0.00000107,0.00000108,0.00000106,0.00000107,106806340.00000000,1550145599999,114.07885351,1463,40535245.00000000,43.43548200,0
1550145600000,0.00000106,0.00000108,0.00000106,0.00000108,77798603.00000000,1550188799999,83.10613823,976,35922269.00000000,38.49806602,0
1550188800000,0.00000108,0.00000109,0.00000106,0.00000109,112698211.00000000,1550231999999,120.77131169,1808,57945980.00000000,62.26726170,0
1550232000000,0.00000109,0.00000110,0.00000107,0.00000109,107075583.00000000,1550275199999,116.02189736,1845,59530207.00000000,64.67008696,0
1550275200000,0.00000109,0.00000116,0.00000108,0.00000115,478084565.00000000,1550318399999,535.27446719,6729,288571435.00000000,323.57796717,0
1550318400000,0.00000115,0.00000115,0.00000112,0.00000113,305343868.00000000,1550361599999,347.21598780,4196,133443540.00000000,152.02391410,0
1550361600000,0.00000113,0.00000114,0.00000111,0.00000112,164669768.00000000,1550404799999,185.04212133,2695,65617742.00000000,73.99396942,0
1550404800000,0.00000112,0.00000113,0.00000110,0.00000113,190323411.00000000,1550447999999,212.22066065,2633,87615306.00000000,98.04649652,0
1550448000000,0.00000113,0.00000114,0.00000111,0.00000112,160260468.00000000,1550491199999,180.28331329,1838,59691930.00000000,67.35991162,0
1550491200000,0.00000113,0.00000114,0.00000110,0.00000111,251768088.00000000,1550534399999,281.89174356,4867,115264845.00000000,129.48087014,0
1550534400000,0.00000112,0.00000114,0.00000110,0.00000112,149091678.00000000,1550577599999,167.00913336,2683,67296544.00000000,75.65472823,0
1550577600000,0.00000111,0.00000112,0.00000109,0.00000110,178867816.00000000,1550620799999,197.06015972,3049,66170115.00000000,73.07645494,0
1550620800000,0.00000110,0.00000110,0.00000107,0.00000109,92929540.00000000,1550663999999,100.74537189,1901,34782617.00000000,37.87955391,0
1550664000000,0.00000108,0.00000110,0.00000107,0.00000110,136792463.00000000,1550707199999,148.47702832,2308,70451060.00000000,76.85218809,0
1550707200000,0.00000110,0.00000120,0.00000107,0.00000115,723558177.00000000,1550750399999,828.56557278,9372,425692552.00000000,489.21890265,0
1550750400000,0.00000115,0.00000117,0.00000113,0.00000114,292671484.00000000,1550793599999,336.92843298,4119,168965683.00000000,195.05118933,0
1550793600000,0.00000114,0.00000124,0.00000113,0.00000123,732687189.00000000,1550836799999,875.77781502,9070,464279102.00000000,554.88422984,0
1550836800000,0.00000124,0.00000125,0.00000120,0.00000121,369604362.00000000,1550879999999,452.14861133,4638,176983258.00000000,216.95440913,0
1550880000000,0.00000121,0.00000123,0.00000118,0.00000119,202307371.00000000,1550923199999,242.98423522,3422,93871017.00000000,113.04460494,0
1550923200000,0.00000119,0.00000120,0.00000117,0.00000118,257415634.00000000,1550966399999,305.05949180,3550,112622579.00000000,133.81599884,0
1550966400000,0.00000119,0.00000123,0.00000115,0.00000115,555721367.00000000,1551009599999,656.19118775,6751,259765951.00000000,307.81416329,0
1551009600000,0.00000116,0.00000118,0.00000111,0.00000116,410874244.00000000,1551052799999,470.89486041,6468,243573101.00000000,280.09463347,0
1551052800000,0.00000116,0.00000119,0.00000115,0.00000115,182606222.00000000,1551095999999,213.17620390,3203,94974593.00000000,111.32790806,0
1551096000000,0.00000116,0.00000120,0.00000115,0.00000119,302130481.00000000,1551139199999,355.22610177,5120,156802987.00000000,184.86504393,0
1551139200000,0.00000119,0.00000124,0.00000117,0.00000121,484384591.00000000,1551182399999,586.35140672,6700,237398126.00000000,288.10884324,0
1551182400000,0.00000121,0.00000121,0.00000118,0.00000119,179741327.00000000,1551225599999,215.42057320,2713,77830051.00000000,93.60908368,0
1551225600000,0.00000119,0.00000124,0.00000116,0.00000121,296190162.00000000,1551268799999,354.06461778,4904,147370389.00000000,176.47985227,0
1551268800000,0.00000121,0.00000121,0.00000117,0.00000118,175372988.00000000,1551311999999,208.60682718,2815,64157389.00000000,76.57931005,0
1551312000000,0.00000119,0.00000120,0.00000116,0.00000118,140596725.00000000,1551355199999,166.10398361,2016,43554078.00000000,51.80932671,0
1551355200000,0.00000118,0.00000120,0.00000116,0.00000120,136124786.00000000,1551398399999,161.11405420,2677,74780351.00000000,88.70261665,0
1551398400000,0.00000120,0.00000120,0.00000118,0.00000119,100598840.00000000,1551441599999,119.23791119,2711,41343789.00000000,49.22859888,0
1551441600000,0.00000119,0.00000120,0.00000117,0.00000119,94891239.00000000,1551484799999,112.54355684,2044,47197345.00000000,56.14557705,0
1551484800000,0.00000119,0.00000120,0.00000116,0.00000117,102508539.00000000,1551527999999,120.82833877,1542,38941266.00000000,46.14181311,0
1551528000000,0.00000117,0.00000118,0.00000116,0.00000117,72480219.00000000,1551571199999,84.87343693,1215,23185472.00000000,27.22618639,0
1551571200000,0.00000116,0.00000118,0.00000116,0.00000117,67116151.00000000,1551614399999,78.32728617,963,24836587.00000000,29.06176614,0
1551614400000,0.00000117,0.00000118,0.00000115,0.00000115,116414002.00000000,1551657599999,135.74220885,1466,48156545.00000000,56.30141429,0
1551657600000,0.00000116,0.00000116,0.00000109,0.00000112,364800469.00000000,1551700799999,408.83584954,5117,138056432.00000000,154.75089914,0
1551700800000,0.00000112,0.00000114,0.00000111,0.00000113,108236361.00000000,1551743999999,121.79962855,1546,48498128.00000000,54.69011767,0
1551744000000,0.00000114,0.00000114,0.00000111,0.00000114,143864451.00000000,1551787199999,162.16368994,1549,71882472.00000000,81.25167604,0
1551787200000,0.00000113,0.00000115,0.00000112,0.00000112,178564226.00000000,1551830399999,201.95177907,2452,71206400.00000000,80.86543985,0
1551830400000,0.00000113,0.00000113,0.00000111,0.00000112,116507739.00000000,1551873599999,130.41489769,1484,58508982.00000000,65.61205432,0
1551873600000,0.00000111,0.00000114,0.00000111,0.00000112,102049757.00000000,1551916799999,114.82922423,1506,46136359.00000000,52.10195346,0
1551916800000,0.00000112,0.00000113,0.00000109,0.00000111,142539996.00000000,1551959999999,157.78827061,2733,48872114.00000000,54.22082497,0
1551960000000,0.00000111,0.00000118,0.00000110,0.00000116,385238909.00000000,1552003199999,444.07684429,5721,224384043.00000000,258.95457911,0
1552003200000,0.00000116,0.00000120,0.00000115,0.00000116,298954663.00000000,1552046399999,348.96803362,4574,129346841.00000000,151.89691995,0
1552046400000,0.00000116,0.00000116,0.00000112,0.00000114,220206361.00000000,1552089599999,251.91314732,3677,90386688.00000000,103.73071893,0
1552089600000,0.00000114,0.00000118,0.00000112,0.00000116,244270069.00000000,1552132799999,282.08258088,3021,131392460.00000000,151.95472995,0
1552132800000,0.00000116,0.00000124,0.00000116,0.00000123,660956541.00000000,1552175999999,798.46407656,9198,412972539.00000000,498.89647654,0
1552176000000,0.00000122,0.00000126,0.00000119,0.00000122,449208038.00000000,1552219199999,552.50640441,6574,205345114.00000000,253.39943583,0
1552219200000,0.00000122,0.00000123,0.00000118,0.00000120,220048378.00000000,1552262399999,264.40938144,2972,95151947.00000000,114.78794220,0
1552262400000,0.00000120,0.00000121,0.00000116,0.00000117,232073384.00000000,1552305599999,273.74693021,3514,93186789.00000000,110.37756750,0
1552305600000,0.00000117,0.00000121,0.00000116,0.00000120,224889757.00000000,1552348799999,266.00062946,2789,132563167.00000000,157.41359874,0
1552348800000,0.00000120,0.00000139,0.00000118,0.00000132,1014338233.00000000,1552391999999,1335.50857875,15291,611117110.00000000,801.66921340,0
1552392000000,0.00000133,0.00000143,0.00000130,0.00000136,1107038179.00000000,1552435199999,1510.29411091,17103,534695824.00000000,732.40747666,0
1552435200000,0.00000136,0.00000140,0.00000130,0.00000131,570235893.00000000,1552478399999,773.17408421,8531,242815748.00000000,331.56970001,0
1552478400000,0.00000131,0.00000136,0.00000131,0.00000131,329501984.00000000,1552521599999,437.26740365,4174,157246078.00000000,209.32030795,0
1552521600000,0.00000132,0.00000135,0.00000129,0.00000132,325008774.00000000,1552564799999,427.18813352,4976,145663579.00000000,192.01687818,0
1552564800000,0.00000131,0.00000135,0.00000129,0.00000134,288330160.00000000,1552607999999,380.84950399,4136,162003089.00000000,214.43677442,0
1552608000000,0.00000133,0.00000134,0.00000131,0.00000134,152946691.00000000,1552651199999,202.72053634,2434,75877665.00000000,100.85095649,0
1552651200000,0.00000133,0.00000139,0.00000132,0.00000135,332818292.00000000,1552694399999,451.70325353,5826,182141778.00000000,247.81988997,0
1552694400000,0.00000135,0.00000137,0.00000132,0.00000134,175718696.00000000,1552737599999,235.44223664,3227,64173313.00000000,86.30213449,0
1552737600000,0.00000134,0.00000134,0.00000131,0.00000132,126179844.00000000,1552780799999,167.00755435,2122,55025359.00000000,73.00448901,0
1552780800000,0.00000132,0.00000133,0.00000130,0.00000132,65621339.00000000,1552823999999,86.13716210,1564,26524283.00000000,34.92645226,0
1552824000000,0.00000133,0.00000134,0.00000128,0.00000130,312361698.00000000,1552867199999,409.22304545,4467,130986946.00000000,172.06271924,0
1552867200000,0.00000131,0.00000132,0.00000129,0.00000130,156065545.00000000,1552910399999,203.84439780,2216,70955717.00000000,92.87782643,0
1552910400000,0.00000130,0.00000133,0.00000130,0.00000132,126393433.00000000,1552953599999,165.36032070,1865,64914982.00000000,85.20135141,0
1552953600000,0.00000133,0.00000133,0.00000130,0.00000131,97098729.00000000,1552996799999,127.33426600,1445,35812933.00000000,47.08566262,0
1552996800000,0.00000130,0.00000136,0.00000129,0.00000134,259167390.00000000,1553039999999,342.78629847,4218,139699215.00000000,185.23573922,0
1553040000000,0.00000134,0.00000136,0.00000132,0.00000135,196469199.00000000,1553083199999,263.47714403,3623,114922241.00000000,154.48799222,0
1553083200000,0.00000134,0.00000144,0.00000134,0.00000139,711685965.00000000,1553126399999,993.46636252,9539,396732230.00000000,554.66765555,0
1553126400000,0.00000139,0.00000150,0.00000138,0.00000147,647389059.00000000,1553169599999,934.16424926,9480,392469081.00000000,567.89135600,0
1553169600000,0.00000147,0.00000149,0.00000133,0.00000141,855033713.00000000,1553212799999,1192.08092171,12846,395704399.00000000,552.34583357,0
1553212800000,0.00000141,0.00000147,0.00000138,0.00000144,458549637.00000000,1553255999999,659.23337042,6104,253687169.00000000,365.20515154,0
1553256000000,0.00000144,0.00000148,0.00000142,0.00000145,332976969.00000000,1553299199999,480.82129111,5036,182774912.00000000,264.38186925,0
1553299200000,0.00000145,0.00000152,0.00000144,0.00000146,509346042.00000000,1553342399999,756.89276584,6918,270273123.00000000,402.33532641,0
1553342400000,0.00000147,0.00000148,0.00000145,0.00000147,213012754.00000000,1553385599999,312.91279492,3182,91188061.00000000,134.34985148,0
1553385600000,0.00000147,0.00000147,0.00000143,0.00000144,217492816.00000000,1553428799999,315.16731055,3448,85678954.00000000,124.48138360,0
1553428800000,0.00000145,0.00000145,0.00000142,0.00000144,145186615.00000000,1553471999999,208.46088341,2576,65978886.00000000,94.96157430,0
1553472000000,0.00000145,0.00000145,0.00000142,0.00000143,112212845.00000000,1553515199999,160.73281926,1658,40162639.00000000,57.76532499,0
1553515200000,0.00000142,0.00000145,0.00000137,0.00000142,372122213.00000000,1553558399999,523.74933987,6351,176245246.00000000,248.72751014,0
1553558400000,0.00000142,0.00000143,0.00000138,0.00000138,106897942.00000000,1553601599999,150.25129633,2057,39029612.00000000,54.99757034,0
1553601600000,0.00000138,0.00000141,0.00000136,0.00000139,271363676.00000000,1553644799999,374.14299767,4423,116361104.00000000,160.99760913,0
1553644800000,0.00000139,0.00000143,0.00000139,0.00000143,191691309.00000000,1553687999999,270.73644734,3132,101511971.00000000,143.55438789,0
1553688000000,0.00000142,0.00000143,0.00000138,0.00000141,162374697.00000000,1553731199999,227.42339667,3111,59772566.00000000,83.86224708,0
1553731200000,0.00000141,0.00000141,0.00000139,0.00000141,81855990.00000000,1553774399999,114.73336340,1430,44912786.00000000,63.05744222,0
1553774400000,0.00000140,0.00000146,0.00000140,0.00000145,236171500.00000000,1553817599999,338.84590005,4657,148454138.00000000,213.12309765,0
1553817600000,0.00000145,0.00000145,0.00000142,0.00000143,115224671.00000000,1553860799999,165.61526211,2210,57023241.00000000,82.14357328,0
1553860800000,0.00000143,0.00000145,0.00000142,0.00000145,137525107.00000000,1553903999999,196.83749468,2448,69335909.00000000,99.54928378,0
1553904000000,0.00000145,0.00000145,0.00000139,0.00000142,211691133.00000000,1553947199999,299.59572665,3418,83667668.00000000,118.45485817,0
1553947200000,0.00000141,0.00000145,0.00000141,0.00000144,132673564.00000000,1553990399999,189.69377275,2141,78262996.00000000,112.10898674,0
1553990400000,0.00000143,0.00000151,0.00000143,0.00000150,357162893.00000000,1554033599999,528.80724444,6423,221096479.00000000,327.63610534,0
1554033600000,0.00000150,0.00000152,0.00000147,0.00000149,258097580.00000000,1554076799999,387.68209687,5661,129655480.00000000,195.40604748,0
1554076800000,0.00000148,0.00000155,0.00000146,0.00000153,321933659.00000000,1554119999999,484.79662570,5635,193401839.00000000,291.95150127,0
1554120000000,0.00000152,0.00000155,0.00000150,0.00000152,176798230.00000000,1554163199999,268.60525415,3326,84073923.00000000,128.10280272,0
1554163200000,0.00000151,0.00000158,0.00000138,0.00000142,886576917.00000000,1554206399999,1314.03604309,13854,420934578.00000000,627.65787662,0
1554206400000,0.00000143,0.00000153,0.00000142,0.00000149,502201917.00000000,1554249599999,750.27249076,9931,262207759.00000000,392.33513022,0
1554249600000,0.00000149,0.00000151,0.00000141,0.00000145,356026207.00000000,1554292799999,516.68174778,7055,165498664.00000000,240.14960502,0
1554292800000,0.00000145,0.00000158,0.00000143,0.00000147,833249079.00000000,1554335999999,1260.58482883,16466,426015069.00000000,646.87344392,0
1554336000000,0.00000147,0.00000154,0.00000144,0.00000150,461174315.00000000,1554379199999,688.40360634,8846,243194422.00000000,363.60717430,0
1554379200000,0.00000150,0.00000152,0.00000144,0.00000147,347883284.00000000,1554422399999,514.72966733,6527,164873125.00000000,244.60503507,0
1554422400000,0.00000147,0.00000152,0.00000147,0.00000149,195691715.00000000,1554465599999,292.31879020,3557,106593470.00000000,159.48470848,0
1554465600000,0.00000149,0.00000150,0.00000147,0.00000150,165930619.00000000,1554508799999,246.09893801,3228,85168097.00000000,126.62654299,0
1554508800000,0.00000150,0.00000153,0.00000149,0.00000151,127296700.00000000,1554551999999,191.30504666,2811,74436255.00000000,112.08224663,0
1554552000000,0.00000151,0.00000152,0.00000147,0.00000150,166233139.00000000,1554595199999,249.12849781,3823,77310155.00000000,116.08332265,0
1554595200000,0.00000150,0.00000153,0.00000147,0.00000148,155858484.00000000,1554638399999,233.75687916,3809,77451400.00000000,116.39217725,0
1554638400000,0.00000149,0.00000149,0.00000145,0.00000147,197199620.00000000,1554681599999,290.61479275,3848,92094047.00000000,136.02295602,0
1554681600000,0.00000147,0.00000148,0.00000136,0.00000138,373012795.00000000,1554724799999,529.69337463,7019,140979007.00000000,200.47286282,0
1554724800000,0.00000137,0.00000144,0.00000137,0.00000141,170778793.00000000,1554767999999,242.40524478,3516,78640103.00000000,111.78881994,0
1554768000000,0.00000141,0.00000142,0.00000136,0.00000138,270050249.00000000,1554811199999,371.91883541,4240,124270619.00000000,171.37716076,0
1554811200000,0.00000138,0.00000140,0.00000137,0.00000137,119715615.00000000,1554854399999,165.40689854,2207,57303581.00000000,79.44929576,0
1554854400000,0.00000137,0.00000141,0.00000135,0.00000137,257542751.00000000,1554897599999,356.09005761,3930,126960021.00000000,175.88251538,0
1554897600000,0.00000137,0.00000139,0.00000134,0.00000135,264477251.00000000,1554940799999,360.78193445,3730,105775187.00000000,144.64511073,0
1554940800000,0.00000135,0.00000135,0.00000124,0.00000128,412865075.00000000,1554983999999,534.31725100,7155,169038512.00000000,218.77798333,0
1554984000000,0.00000128,0.00000133,0.00000128,0.00000131,171743308.00000000,1555027199999,224.39932604,3321,83021659.00000000,108.72797789,0
1555027200000,0.00000131,0.00000136,0.00000128,0.00000136,175814995.00000000,1555070399999,231.87454279,2870,97544742.00000000,129.05439061,0
1555070400000,0.00000136,0.00000137,0.00000133,0.00000136,138450735.00000000,1555113599999,186.37714448,2548,76963518.00000000,103.86279465,0
1555113600000,0.00000136,0.00000138,0.00000133,0.00000134,119091390.00000000,1555156799999,162.05663070,2269,60544459.00000000,82.68285937,0
1555156800000,0.00000134,0.00000137,0.00000133,0.00000137,88290566.00000000,1555199999999,119.47752848,1761,54699504.00000000,74.10291462,0
1555200000000,0.00000137,0.00000137,0.00000134,0.00000134,63000207.00000000,1555243199999,85.19711386,1321,25280827.00000000,34.34061426,0
1555243200000,0.00000134,0.00000136,0.00000134,0.00000135,92834499.00000000,1555286399999,125.15300806,1676,45952997.00000000,62.14500730,0
1555286400000,0.00000134,0.00000137,0.00000134,0.00000136,123788169.00000000,1555329599999,168.27289814,1710,65530728.00000000,89.26126946,0
1555329600000,0.00000135,0.00000137,0.00000133,0.00000135,146060153.00000000,1555372799999,197.96653287,2276,62731014.00000000,85.31222053,0
1555372800000,0.00000135,0.00000136,0.00000134,0.00000135,83539962.00000000,1555415999999,112.77542181,1255,45272451.00000000,61.29683573,0
1555416000000,0.00000135,0.00000136,0.00000133,0.00000134,116651013.00000000,1555459199999,157.35499102,2181,55630244.00000000,75.27150564,0
1555459200000,0.00000135,0.00000135,0.00000132,0.00000134,99348203.00000000,1555502399999,132.47631041,1717,36597162.00000000,49.09788403,0
1555502400000,0.00000134,0.00000136,0.00000133,0.00000136,96964001.00000000,1555545599999,130.03332199,1575,66509535.00000000,89.36735812,0
1555545600000,0.00000136,0.00000136,0.00000133,0.00000134,76996460.00000000,1555588799999,103.48740920,1453,41538861.00000000,55.93161147,0
1555588800000,0.00000135,0.00000143,0.00000134,0.00000139,454336977.00000000,1555631999999,632.43247682,7806,249489662.00000000,347.19791865,0
1555632000000,0.00000139,0.00000142,0.00000136,0.00000141,224447000.00000000,1555675199999,314.33794904,3824,120315447.00000000,168.80011759,0
1555675200000,0.00000141,0.00000141,0.00000135,0.00000136,171618688.00000000,1555718399999,235.89416695,3682,79976473.00000000,110.15297765,0
1555718400000,0.00000136,0.00000137,0.00000132,0.00000133,201595852.00000000,1555761599999,270.12814955,3236,85898442.00000000,115.40103119,0
1555761600000,0.00000133,0.00000134,0.00000130,0.00000132,164789574.00000000,1555804799999,216.91049290,4151,72489093.00000000,95.71300786,0
1555804800000,0.00000132,0.00000133,0.00000126,0.00000127,157119109.00000000,1555847999999,203.32397986,2915,60628887.00000000,78.72969903,0
1555848000000,0.00000127,0.00000132,0.00000126,0.00000129,147483173.00000000,1555891199999,190.06299215,2209,74188912.00000000,95.67115276,0
1555891200000,0.00000129,0.00000132,0.00000127,0.00000130,152471124.00000000,1555934399999,197.80141108,2295,83441008.00000000,108.39965888,0
1555934400000,0.00000131,0.00000133,0.00000128,0.00000130,182851309.00000000,1555977599999,238.57170795,2368,88083490.00000000,115.11772814,0
1555977600000,0.00000130,0.00000131,0.00000125,0.00000127,210286388.00000000,1556020799999,266.63645315,2844,91525163.00000000,116.14881530,0
1556020800000,0.00000128,0.00000128,0.00000121,0.00000122,271491877.00000000,1556063999999,337.12744536,3564,91280009.00000000,113.72518010,0
1556064000000,0.00000121,0.00000124,0.00000113,0.00000116,594717389.00000000,1556107199999,699.82896498,7450,261646954.00000000,308.06494538,0
1556107200000,0.00000116,0.00000120,0.00000114,0.00000118,202045391.00000000,1556150399999,235.23291872,3187,97264717.00000000,113.54870369,0
1556150400000,0.00000118,0.00000122,0.00000116,0.00000118,188949746.00000000,1556193599999,224.21889779,2257,97706115.00000000,116.11720097,0
1556193600000,0.00000118,0.00000119,0.00000115,0.00000116,232135977.00000000,1556236799999,271.64515065,2983,90417198.00000000,106.34216754,0
1556236800000,0.00000116,0.00000116,0.00000112,0.00000115,213947054.00000000,1556279999999,244.67786988,2584,93638323.00000000,107.32940459,0
1556280000000,0.00000115,0.00000116,0.00000109,0.00000115,225747083.00000000,1556323199999,254.17932475,4232,101719497.00000000,114.87955911,0
1556323200000,0.00000115,0.00000118,0.00000113,0.00000116,98085744.00000000,1556366399999,112.87390620,1482,49021535.00000000,56.53870358,0
1556366400000,0.00000117,0.00000120,0.00000116,0.00000117,135902168.00000000,1556409599999,160.22758838,2492,72271451.00000000,85.39500348,0
1556409600000,0.00000117,0.00000118,0.00000116,0.00000117,79587369.00000000,1556452799999,93.05376435,1108,44044781.00000000,51.62967703,0
1556452800000,0.00000117,0.00000118,0.00000113,0.00000115,137260630.00000000,1556495999999,157.55929655,2100,50991107.00000000,58.64699055,0
1556496000000,0.00000115,0.00000115,0.00000109,0.00000112,185697034.00000000,1556539199999,209.00333776,3003,76180770.00000000,85.84277259,0
1556539200000,0.00000113,0.00000113,0.00000110,0.00000112,137774089.00000000,1556582399999,153.67998673,2095,66267372.00000000,74.11480160,0
1556582400000,0.00000112,0.00000117,0.00000111,0.00000117,116472400.00000000,1556625599999,132.66160280,1946,72612430.00000000,82.80315405,0
1556625600000,0.00000117,0.00000119,0.00000114,0.00000117,154260598.00000000,1556668799999,178.73090585,2511,78958047.00000000,91.79469737,0
1556668800000,0.00000116,0.00000123,0.00000116,0.00000118,220994204.00000000,1556711999999,264.83064482,3925,114518589.00000000,137.36246470,0
1556712000000,0.00000119,0.00000123,0.00000118,0.00000122,114786324.00000000,1556755199999,138.73280804,2446,73301557.00000000,88.77245250,0
1556755200000,0.00000122,0.00000122,0.00000116,0.00000119,135850658.00000000,1556798399999,161.48941633,2304,58670171.00000000,69.75250290,0
1556798400000,0.00000119,0.00000121,0.00000117,0.00000118,110017366.00000000,1556841599999,130.80333471,2349,50994472.00000000,60.72584812,0
1556841600000,0.00000118,0.00000120,0.00000112,0.00000117,223275607.00000000,1556884799999,258.55429219,3581,107234960.00000000,124.43048981,0
1556884800000,0.00000117,0.00000117,0.00000114,0.00000116,213115717.00000000,1556927999999,246.23912668,2752,103624677.00000000,120.01691865,0
1556928000000,0.00000116,0.00000116,0.00000112,0.00000114,139920630.00000000,1556971199999,159.80293647,2345,50536425.00000000,57.90591567,0
1556971200000,0.00000114,0.00000115,0.00000111,0.00000112,166916483.00000000,1557014399999,188.36610915,2335,72064353.00000000,81.56259003,0
1557014400000,0.00000111,0.00000112,0.00000109,0.00000111,115979927.00000000,1557057599999,128.19712135,1787,45707339.00000000,50.74687891,0
1557057600000,0.00000111,0.00000112,0.00000110,0.00000111,75297990.00000000,1557100799999,83.52012956,1348,37529886.00000000,41.74070561,0
1557100800000,0.00000111,0.00000112,0.00000106,0.00000108,226811388.00000000,1557143999999,246.34065309,2710,79707266.00000000,86.55115922,0
1557144000000,0.00000109,0.00000111,0.00000107,0.00000110,208706646.00000000,1557187199999,226.86888126,2916,102821942.00000000,112.12914597,0
1557187200000,0.00000110,0.00000111,0.00000106,0.00000107,125664071.00000000,1557230399999,134.97847854,2130,57287046.00000000,61.61702214,0
1557230400000,0.00000107,0.00000107,0.00000104,0.00000104,121499780.00000000,1557273599999,128.73527112,2104,43072484.00000000,45.87467812,0
1557273600000,0.00000104,0.00000107,0.00000103,0.00000105,195032348.00000000,1557316799999,204.11249325,3058,101696637.00000000,106.70959713,0
1557316800000,0.00000106,0.00000107,0.00000105,0.00000106,47363959.00000000,1557359999999,49.91938805,858,17321388.00000000,18.36835415,0
